{
  "rules": {
    "class-name": true,
    "comment-format": [true, "check-space"],
    "curly": true,
    "eofline": true,
    "indent": [true, 4],
    "interface-name": false,
    "jsdoc-format": true,
    "label-position": true,
    "label-undefined": true,
    "max-line-length": [true, 180],
    "no-arg": true,
    "no-consecutive-blank-lines": false,
    "no-construct": true,
    "no-debugger": true,
    "no-duplicate-key": true,
    "no-duplicate-variable": true,
    "no-empty": true,
    "no-eval": true,
    "no-switch-case-fall-through": true,
    "no-trailing-whitespace": true,
    "no-unused-expression": true,
    "no-unused-variable": true,
    "no-unreachable": true,
    "no-use-before-declare": true,
    "no-var-requires": false,
    "one-line": [true,
      "check-open-brace",
      "check-catch",
      "check-else",
      "check-whitespace"
    ],
    "quotemark": [true, "single"],
    "radix": true,
    "semicolon": true,
    "triple-equals": [true, "allow-null-check"],
    "typedef": [true,
      "indexSignature",
      "propertySignature",
      "memberVariableDeclarator"
    ],
    "typedef-whitespace": [true,
      ["callSignature", "noSpace"],
      ["catchClause", "noSpace"],
      ["indexSignature", "space"]
    ],
    "variable-name": "allow-leading-underscore",
    "whitespace": [true,
      "check-branch",
      "check-decl",
      "check-operator",
      "check-separator",
      "check-type"
    ]
  }
}

